{
  "items": [
    {
      "name": "Nifty 50",
      "sufix":"index",
      "value": 176234,
      "grade":"down",
      "percent": "1.50%"
    },
    {
      "name": "Nifty 50",
      "sufix":"index",
      "value": 176234,
      "grade":"down",
      "percent": "1.50%"
    },
    {
      "name": "Nifty 50",
      "sufix":"index",
      "value": 176234,
      "grade":"up",
      "percent": "1.50%"
    },
    {
      "name": "Nifty 50",
      "sufix":"index",
      "value": 176234,
      "grade":"up",
      "percent": "1.50%"
    },
    {
      "name": "Nifty 50",
      "sufix":"index",
      "value": 176234,
      "grade":"up",
      "percent": "1.50%"
    },
    {
      "name": "Nifty 50",
      "sufix":"index",
      "value": 176234,
      "grade":"up",
      "percent": "1.50%"
    },
    {
      "name": "Nifty 50",
      "sufix":"index",
      "value": 176234,
      "grade":"up",
      "percent": "1.50%"
    }
  ]
}